{
  "ie": {
    "6": 0,
    "7": 0.0016025127399762829,
    "8": 0.014422614659786545,
    "9": 0.5865196628313195,
    "10": 0.0657030223390276,
    "11": 1.580077561616615,
    "5.5": 0
  },
  "edge": {
    "12": 0,
    "13": 0.01121758917983398,
    "14": 0.317297522515304,
    "15": 0.03365276753950194,
    "16": 0.15063619755777058,
    "17": 0.28204224223582575,
    "18": 0.008012563699881414
  },
  "firefox": {
    "2": 0,
    "3": 0,
    "4": 0.009615076439857697,
    "5": 0,
    "6": 0,
    "7": 0,
    "8": 0,
    "9": 0,
    "10": 0.0016025127399762829,
    "11": 0,
    "12": 0,
    "13": 0,
    "14": 0,
    "15": 0,
    "16": 0,
    "17": 0,
    "18": 0,
    "19": 0,
    "20": 0.0032050254799525658,
    "21": 0,
    "22": 0,
    "23": 0.0016025127399762829,
    "24": 0,
    "25": 0,
    "26": 0,
    "27": 0,
    "28": 0,
    "29": 0,
    "30": 0,
    "31": 0,
    "32": 0.020832665619691677,
    "33": 0,
    "34": 0,
    "35": 0.0016025127399762829,
    "36": 0.0016025127399762829,
    "37": 0,
    "38": 0.0032050254799525658,
    "39": 0,
    "40": 0.0016025127399762829,
    "41": 0.008012563699881414,
    "42": 0.019230152879715395,
    "43": 0.030447742059549376,
    "44": 0.0016025127399762829,
    "45": 0.0064100509599051315,
    "46": 0.004807538219928849,
    "47": 0.004807538219928849,
    "48": 0.025640203839620526,
    "49": 0,
    "50": 0.04166533123938335,
    "51": 0.0032050254799525658,
    "52": 1.0175955898849396,
    "53": 0.0032050254799525658,
    "54": 0.0064100509599051315,
    "55": 0,
    "56": 0.020832665619691677,
    "57": 0.18108393961731994,
    "58": 0.20832665619691676,
    "59": 0.26601711483606294,
    "60": 0.33492516265504313,
    "61": 0.38780808307426046,
    "62": 0.3813980321143553,
    "63": 0.30127239511554116,
    "64": 0.12499599371815005,
    "65": 0.0016025127399762829,
    "66": 0,
    "3.5": 0,
    "3.6": 0.004807538219928849
  },
  "chrome": {
    "4": 0,
    "5": 0,
    "6": 0,
    "7": 0,
    "8": 0,
    "9": 0,
    "10": 0,
    "11": 0.0016025127399762829,
    "12": 0,
    "13": 0,
    "14": 0,
    "15": 0,
    "16": 0,
    "17": 0,
    "18": 0,
    "19": 0,
    "20": 0,
    "21": 0,
    "22": 0.01762764013973911,
    "23": 0.0016025127399762829,
    "24": 0.0016025127399762829,
    "25": 0.004807538219928849,
    "26": 0.020832665619691677,
    "27": 0.06890804781898016,
    "28": 0,
    "29": 0,
    "30": 0.0016025127399762829,
    "31": 0,
    "32": 0.02403769109964424,
    "33": 0,
    "34": 0.014422614659786545,
    "35": 0,
    "36": 0.01121758917983398,
    "37": 0.009615076439857697,
    "38": 0.0016025127399762829,
    "39": 0,
    "40": 0.008012563699881414,
    "41": 0,
    "42": 0.020832665619691677,
    "43": 0.012820101919810263,
    "44": 0.0032050254799525658,
    "45": 0.0064100509599051315,
    "46": 0.0016025127399762829,
    "47": 0.019230152879715395,
    "48": 0.004807538219928849,
    "49": 2.6665811993205346,
    "50": 0.012820101919810263,
    "51": 0.016025127399762827,
    "52": 0.05128040767924105,
    "53": 0.0032050254799525658,
    "54": 0.0032050254799525658,
    "55": 0.02884522931957309,
    "56": 0.01121758917983398,
    "57": 0.08172814973879042,
    "58": 0.032050254799525654,
    "59": 0.012820101919810263,
    "60": 0.04166533123938335,
    "61": 0.027242716579596808,
    "62": 0.5192141277523157,
    "63": 1.4839267972180379,
    "64": 2.6890163776802027,
    "65": 1.358930803499888,
    "66": 1.1169513797634691,
    "67": 2.8701003172975224,
    "68": 2.158584660748053,
    "69": 1.394186083779366,
    "70": 33.48129867632448,
    "71": 8.176019999358996,
    "72": 0.0016025127399762829,
    "73": 0,
    "74": 0
  },
  "safari": {
    "4": 0,
    "5": 0,
    "6": 0,
    "7": 0,
    "8": 0.0016025127399762829,
    "9": 0,
    "10": 0.01762764013973911,
    "11": 0.232364347296561,
    "12": 0.09294573891862441,
    "3.1": 0,
    "3.2": 0,
    "5.1": 0.0016025127399762829,
    "6.1": 0,
    "7.1": 0,
    "9.1": 0.04487035671933592,
    "10.1": 0.10897086631838723,
    "11.1": 0.24678696195634753,
    "TP": 0
  },
  "opera": {
    "9": 0,
    "11": 0,
    "12": 1.1634242492227813,
    "15": 0,
    "16": 0,
    "17": 0,
    "18": 0,
    "19": 0.0016025127399762829,
    "20": 0,
    "21": 0.0016025127399762829,
    "22": 0,
    "23": 0.0016025127399762829,
    "24": 0.0016025127399762829,
    "25": 0.0016025127399762829,
    "26": 0.02243517835966796,
    "27": 0,
    "28": 0,
    "29": 0,
    "30": 0.0016025127399762829,
    "31": 0,
    "32": 0.05128040767924105,
    "33": 0.0016025127399762829,
    "34": 0,
    "35": 0.03525528027947822,
    "36": 0.424665876093715,
    "37": 0.0016025127399762829,
    "38": 0,
    "39": 0,
    "40": 0,
    "41": 0.046472869459312206,
    "42": 0.0016025127399762829,
    "43": 0.0016025127399762829,
    "44": 0.0016025127399762829,
    "45": 0,
    "46": 0.0016025127399762829,
    "47": 0,
    "48": 0.02403769109964424,
    "49": 0.06089548411909875,
    "50": 0.09134322617864812,
    "51": 0.25960706387615784,
    "52": 0.14422614659786545,
    "53": 0.23717188551648985,
    "54": 0.4583186436332169,
    "55": 0.1217909682381975,
    "56": 0.27402967853594434,
    "57": 0.06890804781898016,
    "9.5-9.6": 0,
    "10.0-10.1": 0.01121758917983398,
    "10.5": 0,
    "10.6": 0.014422614659786545,
    "11.1": 0,
    "11.5": 0,
    "11.6": 0,
    "12.1": 0.12339348097817376
  },
  "ios_saf": {
    "8": 0.0016025127399762829,
    "3.2": 0,
    "4.0-4.1": 0,
    "4.2-4.3": 0,
    "5.0-5.1": 0.339732700874972,
    "6.0-6.1": 0.01762764013973911,
    "7.0-7.1": 0.06089548411909875,
    "8.1-8.4": 0.2339668600365373,
    "9.0-9.2": 0.1682638376975097,
    "9.3": 0.6746578635300151,
    "10.0-10.2": 0.30127239511554116,
    "10.3": 1.03041569180475,
    "11.0-11.2": 2.480689721483286,
    "11.3-11.4": 5.517451363738342,
    "12.0-12.1": 1.7803916541136504
  },
  "op_mini": {
    "all": 0.09454825165860069
  },
  "android": {
    "3": 0,
    "4": 0.0064100509599051315,
    "67": 3.424569725329316,
    "2.1": 0,
    "2.2": 0,
    "2.3": 0.0064100509599051315,
    "4.1": 0.05608794589916989,
    "4.2-4.3": 0.06089548411909875,
    "4.4": 0.04487035671933592,
    "4.4.3-4.4.4": 0
  },
  "bb": {
    "7": 0,
    "10": 0
  },
  "op_mob": {
    "10": 0.052882920419217334,
    "11": 0.052882920419217334,
    "12": 0.052882920419217334,
    "46": 0.052882920419217334,
    "11.1": 0.052882920419217334,
    "11.5": 0.052882920419217334,
    "12.1": 0.052882920419217334
  },
  "and_chr": {
    "70": 11.283292202173008
  },
  "and_ff": {
    "63": 0.06730553507900389
  },
  "ie_mob": {
    "10": 0,
    "11": 0
  },
  "and_uc": {
    "11.8": 0.2884522931957309
  },
  "samsung": {
    "4": 0,
    "5": 0,
    "6.2": 0,
    "7.2": 0
  },
  "and_qq": {
    "1.2": 0
  },
  "baidu": {
    "7.12": 0
  }
}